,0,1
0,Aleksandrów Kujawski,https://pl.wikipedia.org/wiki/Aleksandr%C3%B3w_Kujawski
1,Aleksandrów Łódzki,https://pl.wikipedia.org/wiki/Aleksandr%C3%B3w_%C5%81%C3%B3dzki
2,Alwernia,https://pl.wikipedia.org/wiki/Alwernia
3,Andrychów,https://pl.wikipedia.org/wiki/Andrych%C3%B3w
4,Annopol,https://pl.wikipedia.org/wiki/Annopol
5,Augustów,https://pl.wikipedia.org/wiki/August%C3%B3w
6,Babimost,https://pl.wikipedia.org/wiki/Babimost
7,Baborów,https://pl.wikipedia.org/wiki/Babor%C3%B3w
8,Baranów Sandomierski,https://pl.wikipedia.org/wiki/Baran%C3%B3w_Sandomierski
9,Barcin,https://pl.wikipedia.org/wiki/Barcin
10,Barczewo,https://pl.wikipedia.org/wiki/Barczewo
11,Bardo ,https://pl.wikipedia.org/wiki/Bardo_(wojew%C3%B3dztwo_dolno%C5%9Bl%C4%85skie)
12,Barlinek,https://pl.wikipedia.org/wiki/Barlinek
13,Bartoszyce,https://pl.wikipedia.org/wiki/Bartoszyce
14,Barwice,https://pl.wikipedia.org/wiki/Barwice
15,Bełchatów,https://pl.wikipedia.org/wiki/Be%C5%82chat%C3%B3w
16,Bełżyce,https://pl.wikipedia.org/wiki/Be%C5%82%C5%BCyce
17,Będzin,https://pl.wikipedia.org/wiki/B%C4%99dzin
18,Biała ,https://pl.wikipedia.org/wiki/Bia%C5%82a_(miasto)
19,Biała Piska,https://pl.wikipedia.org/wiki/Bia%C5%82a_Piska
20,Biała Podlaska,https://pl.wikipedia.org/wiki/Bia%C5%82a_Podlaska
21,Biała Rawska,https://pl.wikipedia.org/wiki/Bia%C5%82a_Rawska
22,Białobrzegi,https://pl.wikipedia.org/wiki/Bia%C5%82obrzegi
23,Białogard,https://pl.wikipedia.org/wiki/Bia%C5%82ogard
24,Biały Bór,https://pl.wikipedia.org/wiki/Bia%C5%82y_B%C3%B3r
25,Białystok,https://pl.wikipedia.org/wiki/Bia%C5%82ystok
26,Biecz,https://pl.wikipedia.org/wiki/Biecz
27,Bielawa,https://pl.wikipedia.org/wiki/Bielawa
28,Bielsk Podlaski,https://pl.wikipedia.org/wiki/Bielsk_Podlaski
29,Bieruń,https://pl.wikipedia.org/wiki/Bieru%C5%84
30,Bierutów,https://pl.wikipedia.org/wiki/Bierut%C3%B3w
31,Bieżuń,https://pl.wikipedia.org/wiki/Bie%C5%BCu%C5%84
32,Biłgoraj,https://pl.wikipedia.org/wiki/Bi%C5%82goraj
33,Biskupiec,https://pl.wikipedia.org/wiki/Biskupiec
34,Bisztynek,https://pl.wikipedia.org/wiki/Bisztynek
35,Blachownia,https://pl.wikipedia.org/wiki/Blachownia
36,Błaszki,https://pl.wikipedia.org/wiki/B%C5%82aszki
37,Błażowa,https://pl.wikipedia.org/wiki/B%C5%82a%C5%BCowa
38,Błonie,https://pl.wikipedia.org/wiki/B%C5%82onie
39,Bobolice,https://pl.wikipedia.org/wiki/Bobolice
40,Bobowa,https://pl.wikipedia.org/wiki/Bobowa
41,Bochnia,https://pl.wikipedia.org/wiki/Bochnia
42,Bodzentyn,https://pl.wikipedia.org/wiki/Bodzentyn
43,Bogatynia,https://pl.wikipedia.org/wiki/Bogatynia
44,Boguchwała,https://pl.wikipedia.org/wiki/Boguchwa%C5%82a
45,Bojanowo,https://pl.wikipedia.org/wiki/Bojanowo
46,Bolesławiec,https://pl.wikipedia.org/wiki/Boles%C5%82awiec
47,Bolimów,https://pl.wikipedia.org/wiki/Bolim%C3%B3w
48,Bolków,https://pl.wikipedia.org/wiki/Bolk%C3%B3w
49,Borek Wielkopolski,https://pl.wikipedia.org/wiki/Borek_Wielkopolski
50,Borne Sulinowo,https://pl.wikipedia.org/wiki/Borne_Sulinowo
51,Braniewo,https://pl.wikipedia.org/wiki/Braniewo
52,Brańsk,https://pl.wikipedia.org/wiki/Bra%C5%84sk
53,Brodnica,https://pl.wikipedia.org/wiki/Brodnica
54,Brok,https://pl.wikipedia.org/wiki/Brok
55,Brusy,https://pl.wikipedia.org/wiki/Brusy
56,Brwinów,https://pl.wikipedia.org/wiki/Brwin%C3%B3w
57,Brzeg ,https://pl.wikipedia.org/wiki/Brzeg_(miasto)
58,Brzeg Dolny,https://pl.wikipedia.org/wiki/Brzeg_Dolny
59,Brzesko,https://pl.wikipedia.org/wiki/Brzesko
60,Brzeszcze,https://pl.wikipedia.org/wiki/Brzeszcze
61,Brześć Kujawski,https://pl.wikipedia.org/wiki/Brze%C5%9B%C4%87_Kujawski
62,Brzeziny,https://pl.wikipedia.org/wiki/Brzeziny
63,Brzostek,https://pl.wikipedia.org/wiki/Brzostek
64,Brzozów,https://pl.wikipedia.org/wiki/Brzoz%C3%B3w
65,Budzyń,https://pl.wikipedia.org/wiki/Budzy%C5%84
66,Buk ,https://pl.wikipedia.org/wiki/Buk_(wojew%C3%B3dztwo_wielkopolskie)
67,Bukowno,https://pl.wikipedia.org/wiki/Bukowno
68,Bychawa,https://pl.wikipedia.org/wiki/Bychawa
69,Byczyna,https://pl.wikipedia.org/wiki/Byczyna
70,Bydgoszcz,https://pl.wikipedia.org/wiki/Bydgoszcz
71,Bystrzyca Kłodzka,https://pl.wikipedia.org/wiki/Bystrzyca_K%C5%82odzka
72,Bytom,https://pl.wikipedia.org/wiki/Bytom
73,Bytom Odrzański,https://pl.wikipedia.org/wiki/Bytom_Odrza%C5%84ski
74,Bytów,https://pl.wikipedia.org/wiki/Byt%C3%B3w
75,Cedynia,https://pl.wikipedia.org/wiki/Cedynia
76,Cegłów,https://pl.wikipedia.org/wiki/Ceg%C5%82%C3%B3w
77,Chełm,https://pl.wikipedia.org/wiki/Che%C5%82m
78,Chełmek,https://pl.wikipedia.org/wiki/Che%C5%82mek
79,Chełmno,https://pl.wikipedia.org/wiki/Che%C5%82mno
80,Chełmża,https://pl.wikipedia.org/wiki/Che%C5%82m%C5%BCa
81,Chęciny,https://pl.wikipedia.org/wiki/Ch%C4%99ciny
82,Chmielnik ,https://pl.wikipedia.org/wiki/Chmielnik_(wojew%C3%B3dztwo_%C5%9Bwi%C4%99tokrzyskie)
83,Chocianów,https://pl.wikipedia.org/wiki/Chocian%C3%B3w
84,Chociwel,https://pl.wikipedia.org/wiki/Chociwel
85,Chocz,https://pl.wikipedia.org/wiki/Chocz
86,Chodecz,https://pl.wikipedia.org/wiki/Chodecz
87,Chodzież,https://pl.wikipedia.org/wiki/Chodzie%C5%BC
88,Chojna,https://pl.wikipedia.org/wiki/Chojna
89,Chojnice,https://pl.wikipedia.org/wiki/Chojnice
90,Chojnów,https://pl.wikipedia.org/wiki/Chojn%C3%B3w
91,Choroszcz,https://pl.wikipedia.org/wiki/Choroszcz
92,Chorzele,https://pl.wikipedia.org/wiki/Chorzele
93,Chorzów,https://pl.wikipedia.org/wiki/Chorz%C3%B3w
94,Choszczno,https://pl.wikipedia.org/wiki/Choszczno
95,Chrzanów,https://pl.wikipedia.org/wiki/Chrzan%C3%B3w
96,Ciechanowiec,https://pl.wikipedia.org/wiki/Ciechanowiec
97,Ciechanów,https://pl.wikipedia.org/wiki/Ciechan%C3%B3w
98,Ciechocinek,https://pl.wikipedia.org/wiki/Ciechocinek
99,Cieszanów,https://pl.wikipedia.org/wiki/Cieszan%C3%B3w
100,Cieszyn,https://pl.wikipedia.org/wiki/Cieszyn
101,Ciężkowice,https://pl.wikipedia.org/wiki/Ci%C4%99%C5%BCkowice
102,Cybinka,https://pl.wikipedia.org/wiki/Cybinka
103,Czaplinek,https://pl.wikipedia.org/wiki/Czaplinek
104,Czarna Białostocka,https://pl.wikipedia.org/wiki/Czarna_Bia%C5%82ostocka
105,Czarna Woda ,https://pl.wikipedia.org/wiki/Czarna_Woda_(miasto)
106,Czarne,https://pl.wikipedia.org/wiki/Czarne
107,Czarnków,https://pl.wikipedia.org/wiki/Czarnk%C3%B3w
108,Czchów,https://pl.wikipedia.org/wiki/Czch%C3%B3w
109,Czeladź ,https://pl.wikipedia.org/wiki/Czelad%C5%BA_(miasto)
110,Czempiń,https://pl.wikipedia.org/wiki/Czempi%C5%84
111,Czerniejewo,https://pl.wikipedia.org/wiki/Czerniejewo
112,Czersk,https://pl.wikipedia.org/wiki/Czersk
113,Czerwieńsk,https://pl.wikipedia.org/wiki/Czerwie%C5%84sk
114,Czerwińsk nad Wisłą,https://pl.wikipedia.org/wiki/Czerwi%C5%84sk_nad_Wis%C5%82%C4%85
115,Częstochowa,https://pl.wikipedia.org/wiki/Cz%C4%99stochowa
116,Człopa,https://pl.wikipedia.org/wiki/Cz%C5%82opa
117,Człuchów,https://pl.wikipedia.org/wiki/Cz%C5%82uch%C3%B3w
118,Czyżew,https://pl.wikipedia.org/wiki/Czy%C5%BCew
119,Ćmielów,https://pl.wikipedia.org/wiki/%C4%86miel%C3%B3w
120,Daleszyce,https://pl.wikipedia.org/wiki/Daleszyce
121,Darłowo,https://pl.wikipedia.org/wiki/Dar%C5%82owo
122,Dąbie,https://pl.wikipedia.org/wiki/D%C4%85bie
123,Dąbrowa Białostocka,https://pl.wikipedia.org/wiki/D%C4%85browa_Bia%C5%82ostocka
124,Dąbrowa Górnicza,https://pl.wikipedia.org/wiki/D%C4%85browa_G%C3%B3rnicza
125,Dąbrowa Tarnowska,https://pl.wikipedia.org/wiki/D%C4%85browa_Tarnowska
126,Debrzno,https://pl.wikipedia.org/wiki/Debrzno
127,Dębica,https://pl.wikipedia.org/wiki/D%C4%99bica
128,Dęblin,https://pl.wikipedia.org/wiki/D%C4%99blin
129,Dębno,https://pl.wikipedia.org/wiki/D%C4%99bno
130,Dobczyce,https://pl.wikipedia.org/wiki/Dobczyce
131,Dobiegniew,https://pl.wikipedia.org/wiki/Dobiegniew
132,Dobra ,https://pl.wikipedia.org/wiki/Dobra_(powiat_%C5%82obeski)
133,Dobra ,https://pl.wikipedia.org/wiki/Dobra_(powiat_turecki)
134,Dobre Miasto,https://pl.wikipedia.org/wiki/Dobre_Miasto
135,Dobrodzień,https://pl.wikipedia.org/wiki/Dobrodzie%C5%84
136,Dobrzany,https://pl.wikipedia.org/wiki/Dobrzany
137,Dobrzyca,https://pl.wikipedia.org/wiki/Dobrzyca
138,Dobrzyń nad Wisłą,https://pl.wikipedia.org/wiki/Dobrzy%C5%84_nad_Wis%C5%82%C4%85
139,Dolsk,https://pl.wikipedia.org/wiki/Dolsk
140,Drawno,https://pl.wikipedia.org/wiki/Drawno
141,Drawsko Pomorskie,https://pl.wikipedia.org/wiki/Drawsko_Pomorskie
142,Drezdenko,https://pl.wikipedia.org/wiki/Drezdenko
143,Drobin,https://pl.wikipedia.org/wiki/Drobin
144,Drohiczyn ,https://pl.wikipedia.org/wiki/Drohiczyn_(Polska)
145,Drzewica ,https://pl.wikipedia.org/wiki/Drzewica_(wojew%C3%B3dztwo_%C5%82%C3%B3dzkie)
146,Dubiecko,https://pl.wikipedia.org/wiki/Dubiecko
147,Dukla,https://pl.wikipedia.org/wiki/Dukla
148,Dynów,https://pl.wikipedia.org/wiki/Dyn%C3%B3w
149,Działdowo,https://pl.wikipedia.org/wiki/Dzia%C5%82dowo
150,Działoszyce,https://pl.wikipedia.org/wiki/Dzia%C5%82oszyce
151,Działoszyn,https://pl.wikipedia.org/wiki/Dzia%C5%82oszyn
152,Dzierzgoń,https://pl.wikipedia.org/wiki/Dzierzgo%C5%84
153,Dzierżoniów,https://pl.wikipedia.org/wiki/Dzier%C5%BConi%C3%B3w
154,Dziwnów,https://pl.wikipedia.org/wiki/Dziwn%C3%B3w
155,Elbląg,https://pl.wikipedia.org/wiki/Elbl%C4%85g
156,Ełk,https://pl.wikipedia.org/wiki/E%C5%82k
157,Frampol,https://pl.wikipedia.org/wiki/Frampol
158,Frombork,https://pl.wikipedia.org/wiki/Frombork
159,Garwolin,https://pl.wikipedia.org/wiki/Garwolin
160,Gąbin,https://pl.wikipedia.org/wiki/G%C4%85bin
161,Gdańsk,https://pl.wikipedia.org/wiki/Gda%C5%84sk
162,Gdynia,https://pl.wikipedia.org/wiki/Gdynia
163,Giżycko,https://pl.wikipedia.org/wiki/Gi%C5%BCycko
164,Glinojeck,https://pl.wikipedia.org/wiki/Glinojeck
165,Gliwice,https://pl.wikipedia.org/wiki/Gliwice
166,Głogów,https://pl.wikipedia.org/wiki/G%C5%82og%C3%B3w
167,Głogów Małopolski,https://pl.wikipedia.org/wiki/G%C5%82og%C3%B3w_Ma%C5%82opolski
168,Głogówek,https://pl.wikipedia.org/wiki/G%C5%82og%C3%B3wek
169,Głowno,https://pl.wikipedia.org/wiki/G%C5%82owno
170,Głubczyce,https://pl.wikipedia.org/wiki/G%C5%82ubczyce
171,Głuchołazy,https://pl.wikipedia.org/wiki/G%C5%82ucho%C5%82azy
172,Głuszyca,https://pl.wikipedia.org/wiki/G%C5%82uszyca
173,Gniew ,https://pl.wikipedia.org/wiki/Gniew_(miasto)
174,Gniewkowo,https://pl.wikipedia.org/wiki/Gniewkowo
175,Gniezno,https://pl.wikipedia.org/wiki/Gniezno
176,Gogolin,https://pl.wikipedia.org/wiki/Gogolin
177,Golczewo,https://pl.wikipedia.org/wiki/Golczewo
178,Goleniów,https://pl.wikipedia.org/wiki/Goleni%C3%B3w
179,Golina,https://pl.wikipedia.org/wiki/Golina
180,Gołańcz,https://pl.wikipedia.org/wiki/Go%C5%82a%C5%84cz
181,Gołdap,https://pl.wikipedia.org/wiki/Go%C5%82dap
182,Goniądz,https://pl.wikipedia.org/wiki/Goni%C4%85dz
183,Goraj,https://pl.wikipedia.org/wiki/Goraj
184,Gorlice,https://pl.wikipedia.org/wiki/Gorlice
185,Gorzów Śląski,https://pl.wikipedia.org/wiki/Gorz%C3%B3w_%C5%9Al%C4%85ski
186,Gorzów Wielkopolski,https://pl.wikipedia.org/wiki/Gorz%C3%B3w_Wielkopolski
187,Gostynin,https://pl.wikipedia.org/wiki/Gostynin
188,Gostyń,https://pl.wikipedia.org/wiki/Gosty%C5%84
189,Gościno,https://pl.wikipedia.org/wiki/Go%C5%9Bcino
190,Gozdnica,https://pl.wikipedia.org/wiki/Gozdnica
191,Góra ,https://pl.wikipedia.org/wiki/G%C3%B3ra_(wojew%C3%B3dztwo_dolno%C5%9Bl%C4%85skie)
192,Góra Kalwaria,https://pl.wikipedia.org/wiki/G%C3%B3ra_Kalwaria
193,Górowo Iławeckie,https://pl.wikipedia.org/wiki/G%C3%B3rowo_I%C5%82aweckie
194,Górzno,https://pl.wikipedia.org/wiki/G%C3%B3rzno
195,Grabów nad Prosną,https://pl.wikipedia.org/wiki/Grab%C3%B3w_nad_Prosn%C4%85
196,Grajewo,https://pl.wikipedia.org/wiki/Grajewo
197,Grodków,https://pl.wikipedia.org/wiki/Grodk%C3%B3w
198,Grodzisk Mazowiecki,https://pl.wikipedia.org/wiki/Grodzisk_Mazowiecki
199,Grodzisk Wielkopolski,https://pl.wikipedia.org/wiki/Grodzisk_Wielkopolski
200,Grójec,https://pl.wikipedia.org/wiki/Gr%C3%B3jec
201,Grudziądz,https://pl.wikipedia.org/wiki/Grudzi%C4%85dz
202,Grybów,https://pl.wikipedia.org/wiki/Gryb%C3%B3w
203,Gryfice,https://pl.wikipedia.org/wiki/Gryfice
204,Gryfino,https://pl.wikipedia.org/wiki/Gryfino
205,Gryfów Śląski,https://pl.wikipedia.org/wiki/Gryf%C3%B3w_%C5%9Al%C4%85ski
206,Gubin,https://pl.wikipedia.org/wiki/Gubin
207,Hajnówka,https://pl.wikipedia.org/wiki/Hajn%C3%B3wka
208,Halinów,https://pl.wikipedia.org/wiki/Halin%C3%B3w
209,Hel ,https://pl.wikipedia.org/wiki/Hel_(miasto)
210,Hrubieszów,https://pl.wikipedia.org/wiki/Hrubiesz%C3%B3w
211,Iława,https://pl.wikipedia.org/wiki/I%C5%82awa
212,Iłowa,https://pl.wikipedia.org/wiki/I%C5%82owa
213,Iłża,https://pl.wikipedia.org/wiki/I%C5%82%C5%BCa
214,Imielin,https://pl.wikipedia.org/wiki/Imielin
215,Inowrocław,https://pl.wikipedia.org/wiki/Inowroc%C5%82aw
216,Ińsko,https://pl.wikipedia.org/wiki/I%C5%84sko
217,Iwaniska,https://pl.wikipedia.org/wiki/Iwaniska
218,Izbica ,https://pl.wikipedia.org/wiki/Izbica_(miasto)
219,Izbica Kujawska,https://pl.wikipedia.org/wiki/Izbica_Kujawska
220,Jabłonowo Pomorskie,https://pl.wikipedia.org/wiki/Jab%C5%82onowo_Pomorskie
221,Janikowo,https://pl.wikipedia.org/wiki/Janikowo
222,Janowiec Wielkopolski,https://pl.wikipedia.org/wiki/Janowiec_Wielkopolski
223,Janów Lubelski,https://pl.wikipedia.org/wiki/Jan%C3%B3w_Lubelski
224,Jaraczewo,https://pl.wikipedia.org/wiki/Jaraczewo
225,Jarocin,https://pl.wikipedia.org/wiki/Jarocin
226,Jarosław ,https://pl.wikipedia.org/wiki/Jaros%C5%82aw_(wojew%C3%B3dztwo_podkarpackie)
227,Jasień ,https://pl.wikipedia.org/wiki/Jasie%C5%84_(wojew%C3%B3dztwo_lubuskie)
228,Jasło,https://pl.wikipedia.org/wiki/Jas%C5%82o
229,Jastarnia,https://pl.wikipedia.org/wiki/Jastarnia
230,Jastrowie,https://pl.wikipedia.org/wiki/Jastrowie
231,Jawor ,https://pl.wikipedia.org/wiki/Jawor_(miasto)
232,Jaworzno,https://pl.wikipedia.org/wiki/Jaworzno
233,Jaworzyna Śląska,https://pl.wikipedia.org/wiki/Jaworzyna_%C5%9Al%C4%85ska
234,Jedlicze,https://pl.wikipedia.org/wiki/Jedlicze
235,Jedwabne,https://pl.wikipedia.org/wiki/Jedwabne
236,Jelenia Góra,https://pl.wikipedia.org/wiki/Jelenia_G%C3%B3ra
237,Jeziorany,https://pl.wikipedia.org/wiki/Jeziorany
238,Jędrzejów,https://pl.wikipedia.org/wiki/J%C4%99drzej%C3%B3w
239,Jordanów,https://pl.wikipedia.org/wiki/Jordan%C3%B3w
240,Józefów ,https://pl.wikipedia.org/wiki/J%C3%B3zef%C3%B3w_(powiat_bi%C5%82gorajski)
241,Józefów ,https://pl.wikipedia.org/wiki/J%C3%B3zef%C3%B3w_(powiat_otwocki)
242,Józefów nad Wisłą,https://pl.wikipedia.org/wiki/J%C3%B3zef%C3%B3w_nad_Wis%C5%82%C4%85
243,Jutrosin,https://pl.wikipedia.org/wiki/Jutrosin
244,Kaczory,https://pl.wikipedia.org/wiki/Kaczory
245,Kalety,https://pl.wikipedia.org/wiki/Kalety
246,Kalisz,https://pl.wikipedia.org/wiki/Kalisz
247,Kalisz Pomorski,https://pl.wikipedia.org/wiki/Kalisz_Pomorski
248,Kalwaria Zebrzydowska,https://pl.wikipedia.org/wiki/Kalwaria_Zebrzydowska
249,Kałuszyn,https://pl.wikipedia.org/wiki/Ka%C5%82uszyn
250,Kamieniec Ząbkowicki,https://pl.wikipedia.org/wiki/Kamieniec_Z%C4%85bkowicki
251,Kamienna Góra,https://pl.wikipedia.org/wiki/Kamienna_G%C3%B3ra
252,Kamień Krajeński,https://pl.wikipedia.org/wiki/Kamie%C5%84_Kraje%C5%84ski
253,Kamień Pomorski,https://pl.wikipedia.org/wiki/Kamie%C5%84_Pomorski
254,Kamieńsk,https://pl.wikipedia.org/wiki/Kamie%C5%84sk
255,Kamionka ,https://pl.wikipedia.org/wiki/Kamionka_(powiat_lubartowski)
256,Kańczuga,https://pl.wikipedia.org/wiki/Ka%C5%84czuga
257,Karczew,https://pl.wikipedia.org/wiki/Karczew
258,Kargowa,https://pl.wikipedia.org/wiki/Kargowa
259,Karlino,https://pl.wikipedia.org/wiki/Karlino
260,Karpacz,https://pl.wikipedia.org/wiki/Karpacz
261,Kartuzy,https://pl.wikipedia.org/wiki/Kartuzy
262,Katowice,https://pl.wikipedia.org/wiki/Katowice
263,Kazimierz Dolny,https://pl.wikipedia.org/wiki/Kazimierz_Dolny
264,Kazimierza Wielka,https://pl.wikipedia.org/wiki/Kazimierza_Wielka
265,Kąty Wrocławskie,https://pl.wikipedia.org/wiki/K%C4%85ty_Wroc%C5%82awskie
266,Kcynia,https://pl.wikipedia.org/wiki/Kcynia
267,Kępice,https://pl.wikipedia.org/wiki/K%C4%99pice
268,Kępno,https://pl.wikipedia.org/wiki/K%C4%99pno
269,Kętrzyn,https://pl.wikipedia.org/wiki/K%C4%99trzyn
270,Kęty,https://pl.wikipedia.org/wiki/K%C4%99ty
271,Kielce,https://pl.wikipedia.org/wiki/Kielce
272,Kietrz,https://pl.wikipedia.org/wiki/Kietrz
273,Kisielice,https://pl.wikipedia.org/wiki/Kisielice
274,Kleczew,https://pl.wikipedia.org/wiki/Kleczew
275,Kleszczele,https://pl.wikipedia.org/wiki/Kleszczele
276,Klimontów,https://pl.wikipedia.org/wiki/Klimont%C3%B3w
277,Kluczbork,https://pl.wikipedia.org/wiki/Kluczbork
278,Kłecko,https://pl.wikipedia.org/wiki/K%C5%82ecko
279,Kłobuck,https://pl.wikipedia.org/wiki/K%C5%82obuck
280,Kłodawa,https://pl.wikipedia.org/wiki/K%C5%82odawa
281,Kłodzko,https://pl.wikipedia.org/wiki/K%C5%82odzko
282,Knurów,https://pl.wikipedia.org/wiki/Knur%C3%B3w
283,Knyszyn,https://pl.wikipedia.org/wiki/Knyszyn
284,Kobylin,https://pl.wikipedia.org/wiki/Kobylin
285,Kobyłka,https://pl.wikipedia.org/wiki/Koby%C5%82ka
286,Kock,https://pl.wikipedia.org/wiki/Kock
287,Kolbuszowa,https://pl.wikipedia.org/wiki/Kolbuszowa
288,Kolno,https://pl.wikipedia.org/wiki/Kolno
289,Kolonowskie,https://pl.wikipedia.org/wiki/Kolonowskie
290,Koluszki,https://pl.wikipedia.org/wiki/Koluszki
291,Kołaczyce,https://pl.wikipedia.org/wiki/Ko%C5%82aczyce
292,Koło ,https://pl.wikipedia.org/wiki/Ko%C5%82o_(miasto)
293,Kołobrzeg,https://pl.wikipedia.org/wiki/Ko%C5%82obrzeg
294,Koniecpol,https://pl.wikipedia.org/wiki/Koniecpol
295,Konin,https://pl.wikipedia.org/wiki/Konin
296,Konstantynów Łódzki,https://pl.wikipedia.org/wiki/Konstantyn%C3%B3w_%C5%81%C3%B3dzki
297,Końskie,https://pl.wikipedia.org/wiki/Ko%C5%84skie
298,Koprzywnica,https://pl.wikipedia.org/wiki/Koprzywnica
299,Korfantów,https://pl.wikipedia.org/wiki/Korfant%C3%B3w
300,Koronowo,https://pl.wikipedia.org/wiki/Koronowo
301,Korsze,https://pl.wikipedia.org/wiki/Korsze
302,Kosów Lacki,https://pl.wikipedia.org/wiki/Kos%C3%B3w_Lacki
303,Kostrzyn,https://pl.wikipedia.org/wiki/Kostrzyn
304,Kostrzyn nad Odrą,https://pl.wikipedia.org/wiki/Kostrzyn_nad_Odr%C4%85
305,Koszalin,https://pl.wikipedia.org/wiki/Koszalin
306,Koszyce ,https://pl.wikipedia.org/wiki/Koszyce_(wojew%C3%B3dztwo_ma%C5%82opolskie)
307,Kościan,https://pl.wikipedia.org/wiki/Ko%C5%9Bcian
308,Kościerzyna,https://pl.wikipedia.org/wiki/Ko%C5%9Bcierzyna
309,Kowal ,https://pl.wikipedia.org/wiki/Kowal_(miasto)
310,Kowalewo Pomorskie,https://pl.wikipedia.org/wiki/Kowalewo_Pomorskie
311,Kowary,https://pl.wikipedia.org/wiki/Kowary
312,Koziegłowy ,https://pl.wikipedia.org/wiki/Kozieg%C5%82owy_(wojew%C3%B3dztwo_%C5%9Bl%C4%85skie)
313,Kozienice,https://pl.wikipedia.org/wiki/Kozienice
314,Koźmin Wielkopolski,https://pl.wikipedia.org/wiki/Ko%C5%BAmin_Wielkopolski
315,Koźminek,https://pl.wikipedia.org/wiki/Ko%C5%BAminek
316,Kożuchów,https://pl.wikipedia.org/wiki/Ko%C5%BCuch%C3%B3w
317,Kórnik,https://pl.wikipedia.org/wiki/K%C3%B3rnik
318,Krajenka,https://pl.wikipedia.org/wiki/Krajenka
319,Kraków,https://pl.wikipedia.org/wiki/Krak%C3%B3w
320,Krapkowice,https://pl.wikipedia.org/wiki/Krapkowice
321,Krasnobród,https://pl.wikipedia.org/wiki/Krasnobr%C3%B3d
322,Krasnystaw,https://pl.wikipedia.org/wiki/Krasnystaw
323,Kraśnik,https://pl.wikipedia.org/wiki/Kra%C5%9Bnik
324,Krobia,https://pl.wikipedia.org/wiki/Krobia
325,Krosno,https://pl.wikipedia.org/wiki/Krosno
326,Krosno Odrzańskie,https://pl.wikipedia.org/wiki/Krosno_Odrza%C5%84skie
327,Krośniewice,https://pl.wikipedia.org/wiki/Kro%C5%9Bniewice
328,Krotoszyn,https://pl.wikipedia.org/wiki/Krotoszyn
329,Kruszwica,https://pl.wikipedia.org/wiki/Kruszwica
330,Krynica Morska,https://pl.wikipedia.org/wiki/Krynica_Morska
331,Krynki,https://pl.wikipedia.org/wiki/Krynki
332,Krzanowice,https://pl.wikipedia.org/wiki/Krzanowice
333,Krzepice,https://pl.wikipedia.org/wiki/Krzepice
334,Krzeszowice,https://pl.wikipedia.org/wiki/Krzeszowice
335,Krzywiń,https://pl.wikipedia.org/wiki/Krzywi%C5%84
336,Krzyż Wielkopolski,https://pl.wikipedia.org/wiki/Krzy%C5%BC_Wielkopolski
337,Książ Wielkopolski,https://pl.wikipedia.org/wiki/Ksi%C4%85%C5%BC_Wielkopolski
338,Kunów,https://pl.wikipedia.org/wiki/Kun%C3%B3w
339,Kutno,https://pl.wikipedia.org/wiki/Kutno
340,Kuźnia Raciborska,https://pl.wikipedia.org/wiki/Ku%C5%BAnia_Raciborska
341,Kwidzyn,https://pl.wikipedia.org/wiki/Kwidzyn
342,Legionowo,https://pl.wikipedia.org/wiki/Legionowo
343,Legnica,https://pl.wikipedia.org/wiki/Legnica
344,Lesko,https://pl.wikipedia.org/wiki/Lesko
345,Leszno,https://pl.wikipedia.org/wiki/Leszno
346,Leśna,https://pl.wikipedia.org/wiki/Le%C5%9Bna
347,Leśnica ,https://pl.wikipedia.org/wiki/Le%C5%9Bnica_(wojew%C3%B3dztwo_opolskie)
348,Lewin Brzeski,https://pl.wikipedia.org/wiki/Lewin_Brzeski
349,Leżajsk,https://pl.wikipedia.org/wiki/Le%C5%BCajsk
350,Lębork,https://pl.wikipedia.org/wiki/L%C4%99bork
351,Lędziny,https://pl.wikipedia.org/wiki/L%C4%99dziny
352,Libiąż,https://pl.wikipedia.org/wiki/Libi%C4%85%C5%BC
353,Lidzbark,https://pl.wikipedia.org/wiki/Lidzbark
354,Lidzbark Warmiński,https://pl.wikipedia.org/wiki/Lidzbark_Warmi%C5%84ski
355,Limanowa,https://pl.wikipedia.org/wiki/Limanowa
356,Lipiany,https://pl.wikipedia.org/wiki/Lipiany
357,Lipno,https://pl.wikipedia.org/wiki/Lipno
358,Lipsk ,https://pl.wikipedia.org/wiki/Lipsk_(Polska)
359,Lipsko,https://pl.wikipedia.org/wiki/Lipsko
360,Lubaczów,https://pl.wikipedia.org/wiki/Lubacz%C3%B3w
361,Lubań ,https://pl.wikipedia.org/wiki/Luba%C5%84_(wojew%C3%B3dztwo_dolno%C5%9Bl%C4%85skie)
362,Lubartów,https://pl.wikipedia.org/wiki/Lubart%C3%B3w
363,Lubawa,https://pl.wikipedia.org/wiki/Lubawa
364,Lubawka,https://pl.wikipedia.org/wiki/Lubawka
365,Lubień Kujawski,https://pl.wikipedia.org/wiki/Lubie%C5%84_Kujawski
366,Lubin,https://pl.wikipedia.org/wiki/Lubin
367,Lublin,https://pl.wikipedia.org/wiki/Lublin
368,Lubliniec,https://pl.wikipedia.org/wiki/Lubliniec
369,Lubniewice,https://pl.wikipedia.org/wiki/Lubniewice
370,Lubomierz,https://pl.wikipedia.org/wiki/Lubomierz
371,Luboń,https://pl.wikipedia.org/wiki/Lubo%C5%84
372,Lubowidz,https://pl.wikipedia.org/wiki/Lubowidz
373,Lubraniec,https://pl.wikipedia.org/wiki/Lubraniec
374,Lubsko,https://pl.wikipedia.org/wiki/Lubsko
375,Lubycza Królewska,https://pl.wikipedia.org/wiki/Lubycza_Kr%C3%B3lewska
376,Lutomiersk,https://pl.wikipedia.org/wiki/Lutomiersk
377,Lututów,https://pl.wikipedia.org/wiki/Lutut%C3%B3w
378,Lwówek,https://pl.wikipedia.org/wiki/Lw%C3%B3wek
379,Lwówek Śląski,https://pl.wikipedia.org/wiki/Lw%C3%B3wek_%C5%9Al%C4%85ski
380,Łabiszyn,https://pl.wikipedia.org/wiki/%C5%81abiszyn
381,Łagów,https://pl.wikipedia.org/wiki/%C5%81ag%C3%B3w
382,Łańcut,https://pl.wikipedia.org/wiki/%C5%81a%C5%84cut
383,Łapy,https://pl.wikipedia.org/wiki/%C5%81apy
384,Łasin,https://pl.wikipedia.org/wiki/%C5%81asin
385,Łask,https://pl.wikipedia.org/wiki/%C5%81ask
386,Łaskarzew,https://pl.wikipedia.org/wiki/%C5%81askarzew
387,Łaszczów,https://pl.wikipedia.org/wiki/%C5%81aszcz%C3%B3w
388,Łaziska Górne,https://pl.wikipedia.org/wiki/%C5%81aziska_G%C3%B3rne
389,Łazy,https://pl.wikipedia.org/wiki/%C5%81azy
390,Łeba,https://pl.wikipedia.org/wiki/%C5%81eba
391,Łęczna,https://pl.wikipedia.org/wiki/%C5%81%C4%99czna
392,Łęczyca,https://pl.wikipedia.org/wiki/%C5%81%C4%99czyca
393,Łęknica,https://pl.wikipedia.org/wiki/%C5%81%C4%99knica
394,Łobez,https://pl.wikipedia.org/wiki/%C5%81obez
395,Łobżenica,https://pl.wikipedia.org/wiki/%C5%81ob%C5%BCenica
396,Łochów,https://pl.wikipedia.org/wiki/%C5%81och%C3%B3w
397,Łomianki,https://pl.wikipedia.org/wiki/%C5%81omianki
398,Łomża,https://pl.wikipedia.org/wiki/%C5%81om%C5%BCa
399,Łosice,https://pl.wikipedia.org/wiki/%C5%81osice
400,Łowicz,https://pl.wikipedia.org/wiki/%C5%81owicz
401,Łódź,https://pl.wikipedia.org/wiki/%C5%81%C3%B3d%C5%BA
402,Łuków,https://pl.wikipedia.org/wiki/%C5%81uk%C3%B3w
403,Maków Mazowiecki,https://pl.wikipedia.org/wiki/Mak%C3%B3w_Mazowiecki
404,Maków Podhalański,https://pl.wikipedia.org/wiki/Mak%C3%B3w_Podhala%C5%84ski
405,Malbork,https://pl.wikipedia.org/wiki/Malbork
406,Małogoszcz,https://pl.wikipedia.org/wiki/Ma%C5%82ogoszcz
407,Małomice,https://pl.wikipedia.org/wiki/Ma%C5%82omice
408,Margonin,https://pl.wikipedia.org/wiki/Margonin
409,Marki,https://pl.wikipedia.org/wiki/Marki
410,Maszewo,https://pl.wikipedia.org/wiki/Maszewo
411,Miasteczko Śląskie,https://pl.wikipedia.org/wiki/Miasteczko_%C5%9Al%C4%85skie
412,Miastko,https://pl.wikipedia.org/wiki/Miastko
413,Michałowo,https://pl.wikipedia.org/wiki/Micha%C5%82owo
414,Miechów,https://pl.wikipedia.org/wiki/Miech%C3%B3w
415,Miejska Górka,https://pl.wikipedia.org/wiki/Miejska_G%C3%B3rka
416,Mielec,https://pl.wikipedia.org/wiki/Mielec
417,Mielno,https://pl.wikipedia.org/wiki/Mielno
418,Mieroszów,https://pl.wikipedia.org/wiki/Mierosz%C3%B3w
419,Mieszkowice,https://pl.wikipedia.org/wiki/Mieszkowice
420,Międzybórz,https://pl.wikipedia.org/wiki/Mi%C4%99dzyb%C3%B3rz
421,Międzychód,https://pl.wikipedia.org/wiki/Mi%C4%99dzych%C3%B3d
422,Międzylesie,https://pl.wikipedia.org/wiki/Mi%C4%99dzylesie
423,Międzyrzec Podlaski,https://pl.wikipedia.org/wiki/Mi%C4%99dzyrzec_Podlaski
424,Międzyrzecz,https://pl.wikipedia.org/wiki/Mi%C4%99dzyrzecz
425,Międzyzdroje,https://pl.wikipedia.org/wiki/Mi%C4%99dzyzdroje
426,Mikołajki,https://pl.wikipedia.org/wiki/Miko%C5%82ajki
427,Mikołów,https://pl.wikipedia.org/wiki/Miko%C5%82%C3%B3w
428,Mikstat,https://pl.wikipedia.org/wiki/Mikstat
429,Milanówek,https://pl.wikipedia.org/wiki/Milan%C3%B3wek
430,Milicz,https://pl.wikipedia.org/wiki/Milicz
431,Miłakowo,https://pl.wikipedia.org/wiki/Mi%C5%82akowo
432,Miłomłyn,https://pl.wikipedia.org/wiki/Mi%C5%82om%C5%82yn
433,Miłosław,https://pl.wikipedia.org/wiki/Mi%C5%82os%C5%82aw
434,Mińsk Mazowiecki,https://pl.wikipedia.org/wiki/Mi%C5%84sk_Mazowiecki
435,Mirosławiec,https://pl.wikipedia.org/wiki/Miros%C5%82awiec
436,Mirsk,https://pl.wikipedia.org/wiki/Mirsk
437,Mława,https://pl.wikipedia.org/wiki/M%C5%82awa
438,Młynary,https://pl.wikipedia.org/wiki/M%C5%82ynary
439,Modliborzyce,https://pl.wikipedia.org/wiki/Modliborzyce
440,Mogielnica,https://pl.wikipedia.org/wiki/Mogielnica
441,Mogilno,https://pl.wikipedia.org/wiki/Mogilno
442,Mońki,https://pl.wikipedia.org/wiki/Mo%C5%84ki
443,Morawica,https://pl.wikipedia.org/wiki/Morawica
444,Morąg,https://pl.wikipedia.org/wiki/Mor%C4%85g
445,Mordy,https://pl.wikipedia.org/wiki/Mordy
446,Moryń,https://pl.wikipedia.org/wiki/Mory%C5%84
447,Mosina,https://pl.wikipedia.org/wiki/Mosina
448,Mrągowo,https://pl.wikipedia.org/wiki/Mr%C4%85gowo
449,Mrocza,https://pl.wikipedia.org/wiki/Mrocza
450,Mrozy,https://pl.wikipedia.org/wiki/Mrozy
451,Mszana Dolna,https://pl.wikipedia.org/wiki/Mszana_Dolna
452,Mszczonów,https://pl.wikipedia.org/wiki/Mszczon%C3%B3w
453,Murowana Goślina,https://pl.wikipedia.org/wiki/Murowana_Go%C5%9Blina
454,Muszyna,https://pl.wikipedia.org/wiki/Muszyna
455,Mysłowice,https://pl.wikipedia.org/wiki/Mys%C5%82owice
456,Myszków,https://pl.wikipedia.org/wiki/Myszk%C3%B3w
457,Myszyniec,https://pl.wikipedia.org/wiki/Myszyniec
458,Myślenice,https://pl.wikipedia.org/wiki/My%C5%9Blenice
459,Myślibórz,https://pl.wikipedia.org/wiki/My%C5%9Blib%C3%B3rz
460,Nakło nad Notecią,https://pl.wikipedia.org/wiki/Nak%C5%82o_nad_Noteci%C4%85
461,Nałęczów,https://pl.wikipedia.org/wiki/Na%C5%82%C4%99cz%C3%B3w
462,Namysłów,https://pl.wikipedia.org/wiki/Namys%C5%82%C3%B3w
463,Narol,https://pl.wikipedia.org/wiki/Narol
464,Nasielsk,https://pl.wikipedia.org/wiki/Nasielsk
465,Nekla,https://pl.wikipedia.org/wiki/Nekla
466,Nidzica,https://pl.wikipedia.org/wiki/Nidzica
467,Niemcza,https://pl.wikipedia.org/wiki/Niemcza
468,Niemodlin,https://pl.wikipedia.org/wiki/Niemodlin
469,Niepołomice,https://pl.wikipedia.org/wiki/Niepo%C5%82omice
470,Nieszawa,https://pl.wikipedia.org/wiki/Nieszawa
471,Nisko,https://pl.wikipedia.org/wiki/Nisko
472,Nowa Dęba,https://pl.wikipedia.org/wiki/Nowa_D%C4%99ba
473,Nowa Ruda,https://pl.wikipedia.org/wiki/Nowa_Ruda
474,Nowa Sarzyna,https://pl.wikipedia.org/wiki/Nowa_Sarzyna
475,Nowa Słupia,https://pl.wikipedia.org/wiki/Nowa_S%C5%82upia
476,Nowa Sól,https://pl.wikipedia.org/wiki/Nowa_S%C3%B3l
477,Nowe,https://pl.wikipedia.org/wiki/Nowe
478,Nowe Brzesko,https://pl.wikipedia.org/wiki/Nowe_Brzesko
479,Nowe Miasteczko,https://pl.wikipedia.org/wiki/Nowe_Miasteczko
480,Nowe Miasto ,https://pl.wikipedia.org/wiki/Nowe_Miasto_(powiat_p%C5%82o%C5%84ski)
481,Nowe Miasto Lubawskie,https://pl.wikipedia.org/wiki/Nowe_Miasto_Lubawskie
482,Nowe Miasto nad Pilicą,https://pl.wikipedia.org/wiki/Nowe_Miasto_nad_Pilic%C4%85
483,Nowe Skalmierzyce,https://pl.wikipedia.org/wiki/Nowe_Skalmierzyce
484,Nowe Warpno,https://pl.wikipedia.org/wiki/Nowe_Warpno
485,Nowogard,https://pl.wikipedia.org/wiki/Nowogard
486,Nowogrodziec,https://pl.wikipedia.org/wiki/Nowogrodziec
487,Nowogród,https://pl.wikipedia.org/wiki/Nowogr%C3%B3d
488,Nowogród Bobrzański,https://pl.wikipedia.org/wiki/Nowogr%C3%B3d_Bobrza%C5%84ski
489,Nowy Dwór Gdański,https://pl.wikipedia.org/wiki/Nowy_Dw%C3%B3r_Gda%C5%84ski
490,Nowy Dwór Mazowiecki,https://pl.wikipedia.org/wiki/Nowy_Dw%C3%B3r_Mazowiecki
491,Nowy Korczyn,https://pl.wikipedia.org/wiki/Nowy_Korczyn
492,Nowy Sącz,https://pl.wikipedia.org/wiki/Nowy_S%C4%85cz
493,Nowy Staw,https://pl.wikipedia.org/wiki/Nowy_Staw
494,Nowy Targ,https://pl.wikipedia.org/wiki/Nowy_Targ
495,Nowy Tomyśl,https://pl.wikipedia.org/wiki/Nowy_Tomy%C5%9Bl
496,Nowy Wiśnicz,https://pl.wikipedia.org/wiki/Nowy_Wi%C5%9Bnicz
497,Nysa,https://pl.wikipedia.org/wiki/Nysa
498,Oborniki,https://pl.wikipedia.org/wiki/Oborniki
499,Oborniki Śląskie,https://pl.wikipedia.org/wiki/Oborniki_%C5%9Al%C4%85skie
500,Obrzycko,https://pl.wikipedia.org/wiki/Obrzycko
501,Odolanów,https://pl.wikipedia.org/wiki/Odolan%C3%B3w
502,Ogrodzieniec,https://pl.wikipedia.org/wiki/Ogrodzieniec
503,Okonek,https://pl.wikipedia.org/wiki/Okonek
504,Olecko,https://pl.wikipedia.org/wiki/Olecko
505,Olesno,https://pl.wikipedia.org/wiki/Olesno
506,Oleszyce,https://pl.wikipedia.org/wiki/Oleszyce
507,Oleśnica,https://pl.wikipedia.org/wiki/Ole%C5%9Bnica
508,Oleśnica ,https://pl.wikipedia.org/wiki/Ole%C5%9Bnica_(wojew%C3%B3dztwo_%C5%9Bwi%C4%99tokrzyskie)
509,Olkusz,https://pl.wikipedia.org/wiki/Olkusz
510,Olsztyn ,https://pl.wikipedia.org/wiki/Olsztyn_(wojew%C3%B3dztwo_%C5%9Bl%C4%85skie)
511,Olsztyn,https://pl.wikipedia.org/wiki/Olsztyn
512,Olsztynek,https://pl.wikipedia.org/wiki/Olsztynek
513,Olszyna,https://pl.wikipedia.org/wiki/Olszyna
514,Oława,https://pl.wikipedia.org/wiki/O%C5%82awa
515,Opalenica,https://pl.wikipedia.org/wiki/Opalenica
516,Opatowiec,https://pl.wikipedia.org/wiki/Opatowiec
517,Opatów,https://pl.wikipedia.org/wiki/Opat%C3%B3w
518,Opatówek,https://pl.wikipedia.org/wiki/Opat%C3%B3wek
519,Opoczno,https://pl.wikipedia.org/wiki/Opoczno
520,Opole,https://pl.wikipedia.org/wiki/Opole
521,Opole Lubelskie,https://pl.wikipedia.org/wiki/Opole_Lubelskie
522,Orneta,https://pl.wikipedia.org/wiki/Orneta
523,Orzesze,https://pl.wikipedia.org/wiki/Orzesze
524,Orzysz,https://pl.wikipedia.org/wiki/Orzysz
525,Osieczna,https://pl.wikipedia.org/wiki/Osieczna
526,Osiek ,https://pl.wikipedia.org/wiki/Osiek_(wojew%C3%B3dztwo_%C5%9Bwi%C4%99tokrzyskie)
527,Ostrołęka,https://pl.wikipedia.org/wiki/Ostro%C5%82%C4%99ka
528,Ostroróg,https://pl.wikipedia.org/wiki/Ostror%C3%B3g
529,Ostrowiec Świętokrzyski,https://pl.wikipedia.org/wiki/Ostrowiec_%C5%9Awi%C4%99tokrzyski
530,Ostróda,https://pl.wikipedia.org/wiki/Ostr%C3%B3da
531,Ostrów Lubelski,https://pl.wikipedia.org/wiki/Ostr%C3%B3w_Lubelski
532,Ostrów Mazowiecka,https://pl.wikipedia.org/wiki/Ostr%C3%B3w_Mazowiecka
533,Ostrów Wielkopolski,https://pl.wikipedia.org/wiki/Ostr%C3%B3w_Wielkopolski
534,Ostrzeszów,https://pl.wikipedia.org/wiki/Ostrzesz%C3%B3w
535,Ośno Lubuskie,https://pl.wikipedia.org/wiki/O%C5%9Bno_Lubuskie
536,Oświęcim,https://pl.wikipedia.org/wiki/O%C5%9Bwi%C4%99cim
537,Otmuchów,https://pl.wikipedia.org/wiki/Otmuch%C3%B3w
538,Otwock,https://pl.wikipedia.org/wiki/Otwock
539,Otyń,https://pl.wikipedia.org/wiki/Oty%C5%84
540,Ozimek,https://pl.wikipedia.org/wiki/Ozimek
541,Ozorków,https://pl.wikipedia.org/wiki/Ozork%C3%B3w
542,Ożarów,https://pl.wikipedia.org/wiki/O%C5%BCar%C3%B3w
543,Ożarów Mazowiecki,https://pl.wikipedia.org/wiki/O%C5%BCar%C3%B3w_Mazowiecki
544,Pabianice,https://pl.wikipedia.org/wiki/Pabianice
545,Pacanów,https://pl.wikipedia.org/wiki/Pacan%C3%B3w
546,Paczków,https://pl.wikipedia.org/wiki/Paczk%C3%B3w
547,Pajęczno,https://pl.wikipedia.org/wiki/Paj%C4%99czno
548,Pakość,https://pl.wikipedia.org/wiki/Pako%C5%9B%C4%87
549,Parczew,https://pl.wikipedia.org/wiki/Parczew
550,Pasłęk,https://pl.wikipedia.org/wiki/Pas%C5%82%C4%99k
551,Pasym,https://pl.wikipedia.org/wiki/Pasym
552,Pelplin,https://pl.wikipedia.org/wiki/Pelplin
553,Pełczyce,https://pl.wikipedia.org/wiki/Pe%C5%82czyce
554,Piaseczno,https://pl.wikipedia.org/wiki/Piaseczno
555,Piaski ,https://pl.wikipedia.org/wiki/Piaski_(powiat_%C5%9Bwidnicki)
556,Piastów,https://pl.wikipedia.org/wiki/Piast%C3%B3w
557,Piątek ,https://pl.wikipedia.org/wiki/Pi%C4%85tek_(miasto)
558,Piechowice,https://pl.wikipedia.org/wiki/Piechowice
559,Piekary Śląskie,https://pl.wikipedia.org/wiki/Piekary_%C5%9Al%C4%85skie
560,Pieniężno,https://pl.wikipedia.org/wiki/Pieni%C4%99%C5%BCno
561,Pieńsk,https://pl.wikipedia.org/wiki/Pie%C5%84sk
562,Pierzchnica,https://pl.wikipedia.org/wiki/Pierzchnica
563,Pieszyce,https://pl.wikipedia.org/wiki/Pieszyce
564,Pilawa ,https://pl.wikipedia.org/wiki/Pilawa_(powiat_garwoli%C5%84ski)
565,Pilica ,https://pl.wikipedia.org/wiki/Pilica_(wojew%C3%B3dztwo_%C5%9Bl%C4%85skie)
566,Pilzno ,https://pl.wikipedia.org/wiki/Pilzno_(Polska)
567,Piła ,https://pl.wikipedia.org/wiki/Pi%C5%82a_(miasto)
568,Piława Górna,https://pl.wikipedia.org/wiki/Pi%C5%82awa_G%C3%B3rna
569,Pińczów,https://pl.wikipedia.org/wiki/Pi%C5%84cz%C3%B3w
570,Pionki,https://pl.wikipedia.org/wiki/Pionki
571,Piotrków Kujawski,https://pl.wikipedia.org/wiki/Piotrk%C3%B3w_Kujawski
572,Piotrków Trybunalski,https://pl.wikipedia.org/wiki/Piotrk%C3%B3w_Trybunalski
573,Pisz,https://pl.wikipedia.org/wiki/Pisz
574,Pleszew,https://pl.wikipedia.org/wiki/Pleszew
575,Płock,https://pl.wikipedia.org/wiki/P%C5%82ock
576,Płońsk,https://pl.wikipedia.org/wiki/P%C5%82o%C5%84sk
577,Płoty,https://pl.wikipedia.org/wiki/P%C5%82oty
578,Pniewy,https://pl.wikipedia.org/wiki/Pniewy
579,Pobiedziska,https://pl.wikipedia.org/wiki/Pobiedziska
580,Poddębice,https://pl.wikipedia.org/wiki/Podd%C4%99bice
581,Podkowa Leśna,https://pl.wikipedia.org/wiki/Podkowa_Le%C5%9Bna
582,Pogorzela,https://pl.wikipedia.org/wiki/Pogorzela
583,Polanów,https://pl.wikipedia.org/wiki/Polan%C3%B3w
584,Police,https://pl.wikipedia.org/wiki/Police
585,Polkowice,https://pl.wikipedia.org/wiki/Polkowice
586,Połaniec,https://pl.wikipedia.org/wiki/Po%C5%82aniec
587,Poniatowa,https://pl.wikipedia.org/wiki/Poniatowa
588,Poniec,https://pl.wikipedia.org/wiki/Poniec
589,Poręba,https://pl.wikipedia.org/wiki/Por%C4%99ba
590,Poznań,https://pl.wikipedia.org/wiki/Pozna%C5%84
591,Prabuty,https://pl.wikipedia.org/wiki/Prabuty
592,Praszka,https://pl.wikipedia.org/wiki/Praszka
593,Prochowice,https://pl.wikipedia.org/wiki/Prochowice
594,Proszowice,https://pl.wikipedia.org/wiki/Proszowice
595,Prószków,https://pl.wikipedia.org/wiki/Pr%C3%B3szk%C3%B3w
596,Pruchnik,https://pl.wikipedia.org/wiki/Pruchnik
597,Prudnik,https://pl.wikipedia.org/wiki/Prudnik
598,Prusice,https://pl.wikipedia.org/wiki/Prusice
599,Pruszcz ,https://pl.wikipedia.org/wiki/Pruszcz_(powiat_%C5%9Bwiecki)
600,Pruszcz Gdański,https://pl.wikipedia.org/wiki/Pruszcz_Gda%C5%84ski
601,Pruszków,https://pl.wikipedia.org/wiki/Pruszk%C3%B3w
602,Przasnysz,https://pl.wikipedia.org/wiki/Przasnysz
603,Przecław,https://pl.wikipedia.org/wiki/Przec%C5%82aw
604,Przedbórz,https://pl.wikipedia.org/wiki/Przedb%C3%B3rz
605,Przedecz,https://pl.wikipedia.org/wiki/Przedecz
606,Przemków,https://pl.wikipedia.org/wiki/Przemk%C3%B3w
607,Przemyśl,https://pl.wikipedia.org/wiki/Przemy%C5%9Bl
608,Przeworsk,https://pl.wikipedia.org/wiki/Przeworsk
609,Przysucha,https://pl.wikipedia.org/wiki/Przysucha
610,Pszczyna,https://pl.wikipedia.org/wiki/Pszczyna
611,Pszów,https://pl.wikipedia.org/wiki/Psz%C3%B3w
612,Puck,https://pl.wikipedia.org/wiki/Puck
613,Puławy,https://pl.wikipedia.org/wiki/Pu%C5%82awy
614,Pułtusk,https://pl.wikipedia.org/wiki/Pu%C5%82tusk
615,Puszczykowo,https://pl.wikipedia.org/wiki/Puszczykowo
616,Pyrzyce,https://pl.wikipedia.org/wiki/Pyrzyce
617,Pyskowice,https://pl.wikipedia.org/wiki/Pyskowice
618,Pyzdry,https://pl.wikipedia.org/wiki/Pyzdry
619,Raciąż,https://pl.wikipedia.org/wiki/Raci%C4%85%C5%BC
620,Racibórz,https://pl.wikipedia.org/wiki/Racib%C3%B3rz
621,Radków,https://pl.wikipedia.org/wiki/Radk%C3%B3w
622,Radlin,https://pl.wikipedia.org/wiki/Radlin
623,Radłów,https://pl.wikipedia.org/wiki/Rad%C5%82%C3%B3w
624,Radom,https://pl.wikipedia.org/wiki/Radom
625,Radomsko,https://pl.wikipedia.org/wiki/Radomsko
626,Radomyśl Wielki,https://pl.wikipedia.org/wiki/Radomy%C5%9Bl_Wielki
627,Radoszyce,https://pl.wikipedia.org/wiki/Radoszyce
628,Radymno,https://pl.wikipedia.org/wiki/Radymno
629,Radziejów,https://pl.wikipedia.org/wiki/Radziej%C3%B3w
630,Radzionków,https://pl.wikipedia.org/wiki/Radzionk%C3%B3w
631,Radzymin,https://pl.wikipedia.org/wiki/Radzymin
632,Radzyń Chełmiński,https://pl.wikipedia.org/wiki/Radzy%C5%84_Che%C5%82mi%C5%84ski
633,Radzyń Podlaski,https://pl.wikipedia.org/wiki/Radzy%C5%84_Podlaski
634,Rajgród,https://pl.wikipedia.org/wiki/Rajgr%C3%B3d
635,Rakoniewice,https://pl.wikipedia.org/wiki/Rakoniewice
636,Raszków,https://pl.wikipedia.org/wiki/Raszk%C3%B3w
637,Rawa Mazowiecka,https://pl.wikipedia.org/wiki/Rawa_Mazowiecka
638,Rawicz,https://pl.wikipedia.org/wiki/Rawicz
639,Recz,https://pl.wikipedia.org/wiki/Recz
640,Reda ,https://pl.wikipedia.org/wiki/Reda_(miasto)
641,Rejowiec,https://pl.wikipedia.org/wiki/Rejowiec
642,Rejowiec Fabryczny,https://pl.wikipedia.org/wiki/Rejowiec_Fabryczny
643,Resko,https://pl.wikipedia.org/wiki/Resko
644,Reszel,https://pl.wikipedia.org/wiki/Reszel
645,Rogoźno,https://pl.wikipedia.org/wiki/Rogo%C5%BAno
646,Ropczyce,https://pl.wikipedia.org/wiki/Ropczyce
647,Różan,https://pl.wikipedia.org/wiki/R%C3%B3%C5%BCan
648,Ruda Śląska,https://pl.wikipedia.org/wiki/Ruda_%C5%9Al%C4%85ska
649,Rudnik nad Sanem,https://pl.wikipedia.org/wiki/Rudnik_nad_Sanem
650,Rumia,https://pl.wikipedia.org/wiki/Rumia
651,Rybnik,https://pl.wikipedia.org/wiki/Rybnik
652,Rychwał,https://pl.wikipedia.org/wiki/Rychwa%C5%82
653,Rydułtowy,https://pl.wikipedia.org/wiki/Rydu%C5%82towy
654,Rydzyna,https://pl.wikipedia.org/wiki/Rydzyna
655,Ryglice,https://pl.wikipedia.org/wiki/Ryglice
656,Ryki,https://pl.wikipedia.org/wiki/Ryki
657,Rymanów,https://pl.wikipedia.org/wiki/Ryman%C3%B3w
658,Ryn,https://pl.wikipedia.org/wiki/Ryn
659,Rypin,https://pl.wikipedia.org/wiki/Rypin
660,Rzepin,https://pl.wikipedia.org/wiki/Rzepin
661,Rzeszów,https://pl.wikipedia.org/wiki/Rzesz%C3%B3w
662,Rzgów,https://pl.wikipedia.org/wiki/Rzg%C3%B3w
663,Sandomierz,https://pl.wikipedia.org/wiki/Sandomierz
664,Sanniki,https://pl.wikipedia.org/wiki/Sanniki
665,Sanok,https://pl.wikipedia.org/wiki/Sanok
666,Sejny,https://pl.wikipedia.org/wiki/Sejny
667,Serock,https://pl.wikipedia.org/wiki/Serock
668,Sędziszów,https://pl.wikipedia.org/wiki/S%C4%99dzisz%C3%B3w
669,Sędziszów Małopolski,https://pl.wikipedia.org/wiki/S%C4%99dzisz%C3%B3w_Ma%C5%82opolski
670,Sępopol,https://pl.wikipedia.org/wiki/S%C4%99popol
671,Sępólno Krajeńskie,https://pl.wikipedia.org/wiki/S%C4%99p%C3%B3lno_Kraje%C5%84skie
672,Sianów,https://pl.wikipedia.org/wiki/Sian%C3%B3w
673,Siechnice,https://pl.wikipedia.org/wiki/Siechnice
674,Siedlce,https://pl.wikipedia.org/wiki/Siedlce
675,Siedliszcze,https://pl.wikipedia.org/wiki/Siedliszcze
676,Siemianowice Śląskie,https://pl.wikipedia.org/wiki/Siemianowice_%C5%9Al%C4%85skie
677,Siemiatycze,https://pl.wikipedia.org/wiki/Siemiatycze
678,Sieniawa,https://pl.wikipedia.org/wiki/Sieniawa
679,Sieradz,https://pl.wikipedia.org/wiki/Sieradz
680,Sieraków,https://pl.wikipedia.org/wiki/Sierak%C3%B3w
681,Sierpc,https://pl.wikipedia.org/wiki/Sierpc
682,Siewierz,https://pl.wikipedia.org/wiki/Siewierz
683,Skalbmierz,https://pl.wikipedia.org/wiki/Skalbmierz
684,Skała ,https://pl.wikipedia.org/wiki/Ska%C5%82a_(wojew%C3%B3dztwo_ma%C5%82opolskie)
685,Skarszewy,https://pl.wikipedia.org/wiki/Skarszewy
686,Skaryszew,https://pl.wikipedia.org/wiki/Skaryszew
687,Skawina,https://pl.wikipedia.org/wiki/Skawina
688,Skępe,https://pl.wikipedia.org/wiki/Sk%C4%99pe
689,Skierniewice,https://pl.wikipedia.org/wiki/Skierniewice
690,Skoczów,https://pl.wikipedia.org/wiki/Skocz%C3%B3w
691,Skoki ,https://pl.wikipedia.org/wiki/Skoki_(powiat_w%C4%85growiecki)
692,Skórcz,https://pl.wikipedia.org/wiki/Sk%C3%B3rcz
693,Skwierzyna,https://pl.wikipedia.org/wiki/Skwierzyna
694,Sława ,https://pl.wikipedia.org/wiki/S%C5%82awa_(miasto)
695,Sławków ,https://pl.wikipedia.org/wiki/S%C5%82awk%C3%B3w_(wojew%C3%B3dztwo_%C5%9Bl%C4%85skie)
696,Sławno,https://pl.wikipedia.org/wiki/S%C5%82awno
697,Słomniki,https://pl.wikipedia.org/wiki/S%C5%82omniki
698,Słubice,https://pl.wikipedia.org/wiki/S%C5%82ubice
699,Słupca,https://pl.wikipedia.org/wiki/S%C5%82upca
700,Słupsk,https://pl.wikipedia.org/wiki/S%C5%82upsk
701,Sobótka ,https://pl.wikipedia.org/wiki/Sob%C3%B3tka_(powiat_wroc%C5%82awski)
702,Sochaczew,https://pl.wikipedia.org/wiki/Sochaczew
703,Sochocin,https://pl.wikipedia.org/wiki/Sochocin
704,Sokołów Małopolski,https://pl.wikipedia.org/wiki/Soko%C5%82%C3%B3w_Ma%C5%82opolski
705,Sokołów Podlaski,https://pl.wikipedia.org/wiki/Soko%C5%82%C3%B3w_Podlaski
706,Sokółka,https://pl.wikipedia.org/wiki/Sok%C3%B3%C5%82ka
707,Solec Kujawski,https://pl.wikipedia.org/wiki/Solec_Kujawski
708,Solec nad Wisłą,https://pl.wikipedia.org/wiki/Solec_nad_Wis%C5%82%C4%85
709,Sompolno,https://pl.wikipedia.org/wiki/Sompolno
710,Sopot,https://pl.wikipedia.org/wiki/Sopot
711,Sosnowiec,https://pl.wikipedia.org/wiki/Sosnowiec
712,Sośnicowice,https://pl.wikipedia.org/wiki/So%C5%9Bnicowice
713,Stalowa Wola,https://pl.wikipedia.org/wiki/Stalowa_Wola
714,Starachowice,https://pl.wikipedia.org/wiki/Starachowice
715,Stargard,https://pl.wikipedia.org/wiki/Stargard
716,Starogard Gdański,https://pl.wikipedia.org/wiki/Starogard_Gda%C5%84ski
717,Stary Sącz,https://pl.wikipedia.org/wiki/Stary_S%C4%85cz
718,Staszów,https://pl.wikipedia.org/wiki/Stasz%C3%B3w
719,Stawiski,https://pl.wikipedia.org/wiki/Stawiski
720,Stawiszyn,https://pl.wikipedia.org/wiki/Stawiszyn
721,Stąporków,https://pl.wikipedia.org/wiki/St%C4%85pork%C3%B3w
722,Stepnica,https://pl.wikipedia.org/wiki/Stepnica
723,Stęszew,https://pl.wikipedia.org/wiki/St%C4%99szew
724,Stoczek Łukowski,https://pl.wikipedia.org/wiki/Stoczek_%C5%81ukowski
725,Stopnica,https://pl.wikipedia.org/wiki/Stopnica
726,Stronie Śląskie,https://pl.wikipedia.org/wiki/Stronie_%C5%9Al%C4%85skie
727,Strumień ,https://pl.wikipedia.org/wiki/Strumie%C5%84_(miasto)
728,Stryków,https://pl.wikipedia.org/wiki/Stryk%C3%B3w
729,Strzegom,https://pl.wikipedia.org/wiki/Strzegom
730,Strzelce Krajeńskie,https://pl.wikipedia.org/wiki/Strzelce_Kraje%C5%84skie
731,Strzelce Opolskie,https://pl.wikipedia.org/wiki/Strzelce_Opolskie
732,Strzelin,https://pl.wikipedia.org/wiki/Strzelin
733,Strzelno,https://pl.wikipedia.org/wiki/Strzelno
734,Strzyżów,https://pl.wikipedia.org/wiki/Strzy%C5%BC%C3%B3w
735,Sucha Beskidzka,https://pl.wikipedia.org/wiki/Sucha_Beskidzka
736,Suchań,https://pl.wikipedia.org/wiki/Sucha%C5%84
737,Suchedniów,https://pl.wikipedia.org/wiki/Suchedni%C3%B3w
738,Suchowola,https://pl.wikipedia.org/wiki/Suchowola
739,Sulechów,https://pl.wikipedia.org/wiki/Sulech%C3%B3w
740,Sulejów,https://pl.wikipedia.org/wiki/Sulej%C3%B3w
741,Sulejówek,https://pl.wikipedia.org/wiki/Sulej%C3%B3wek
742,Sulęcin,https://pl.wikipedia.org/wiki/Sul%C4%99cin
743,Sulmierzyce,https://pl.wikipedia.org/wiki/Sulmierzyce
744,Sułkowice,https://pl.wikipedia.org/wiki/Su%C5%82kowice
745,Supraśl,https://pl.wikipedia.org/wiki/Supra%C5%9Bl
746,Suraż,https://pl.wikipedia.org/wiki/Sura%C5%BC
747,Susz,https://pl.wikipedia.org/wiki/Susz
748,Suwałki,https://pl.wikipedia.org/wiki/Suwa%C5%82ki
749,Swarzędz,https://pl.wikipedia.org/wiki/Swarz%C4%99dz
750,Syców,https://pl.wikipedia.org/wiki/Syc%C3%B3w
751,Szadek,https://pl.wikipedia.org/wiki/Szadek
752,Szamocin,https://pl.wikipedia.org/wiki/Szamocin
753,Szamotuły,https://pl.wikipedia.org/wiki/Szamotu%C5%82y
754,Szczawnica,https://pl.wikipedia.org/wiki/Szczawnica
755,Szczebrzeszyn,https://pl.wikipedia.org/wiki/Szczebrzeszyn
756,Szczecin,https://pl.wikipedia.org/wiki/Szczecin
757,Szczecinek,https://pl.wikipedia.org/wiki/Szczecinek
758,Szczekociny,https://pl.wikipedia.org/wiki/Szczekociny
759,Szczucin,https://pl.wikipedia.org/wiki/Szczucin
760,Szczuczyn ,https://pl.wikipedia.org/wiki/Szczuczyn_(wojew%C3%B3dztwo_podlaskie)
761,Szczyrk,https://pl.wikipedia.org/wiki/Szczyrk
762,Szczytna,https://pl.wikipedia.org/wiki/Szczytna
763,Szczytno,https://pl.wikipedia.org/wiki/Szczytno
764,Szepietowo,https://pl.wikipedia.org/wiki/Szepietowo
765,Szklarska Poręba,https://pl.wikipedia.org/wiki/Szklarska_Por%C4%99ba
766,Szlichtyngowa,https://pl.wikipedia.org/wiki/Szlichtyngowa
767,Szprotawa,https://pl.wikipedia.org/wiki/Szprotawa
768,Sztum,https://pl.wikipedia.org/wiki/Sztum
769,Szubin,https://pl.wikipedia.org/wiki/Szubin
770,Szydłów,https://pl.wikipedia.org/wiki/Szyd%C5%82%C3%B3w
771,Szydłowiec,https://pl.wikipedia.org/wiki/Szyd%C5%82owiec
772,Ścinawa,https://pl.wikipedia.org/wiki/%C5%9Acinawa
773,Ślesin,https://pl.wikipedia.org/wiki/%C5%9Alesin
774,Śmigiel,https://pl.wikipedia.org/wiki/%C5%9Amigiel
775,Śrem,https://pl.wikipedia.org/wiki/%C5%9Arem
776,Środa Śląska,https://pl.wikipedia.org/wiki/%C5%9Aroda_%C5%9Al%C4%85ska
777,Środa Wielkopolska,https://pl.wikipedia.org/wiki/%C5%9Aroda_Wielkopolska
778,Świątniki Górne,https://pl.wikipedia.org/wiki/%C5%9Awi%C4%85tniki_G%C3%B3rne
779,Świdnica,https://pl.wikipedia.org/wiki/%C5%9Awidnica
780,Świdnik,https://pl.wikipedia.org/wiki/%C5%9Awidnik
781,Świdwin,https://pl.wikipedia.org/wiki/%C5%9Awidwin
782,Świebodzice,https://pl.wikipedia.org/wiki/%C5%9Awiebodzice
783,Świebodzin,https://pl.wikipedia.org/wiki/%C5%9Awiebodzin
784,Świecie,https://pl.wikipedia.org/wiki/%C5%9Awiecie
785,Świerzawa,https://pl.wikipedia.org/wiki/%C5%9Awierzawa
786,Świętochłowice,https://pl.wikipedia.org/wiki/%C5%9Awi%C4%99toch%C5%82owice
787,Świnoujście,https://pl.wikipedia.org/wiki/%C5%9Awinouj%C5%9Bcie
788,Tarczyn,https://pl.wikipedia.org/wiki/Tarczyn
789,Tarnobrzeg,https://pl.wikipedia.org/wiki/Tarnobrzeg
790,Tarnogród,https://pl.wikipedia.org/wiki/Tarnogr%C3%B3d
791,Tarnowskie Góry,https://pl.wikipedia.org/wiki/Tarnowskie_G%C3%B3ry
792,Tarnów,https://pl.wikipedia.org/wiki/Tarn%C3%B3w
793,Tczew,https://pl.wikipedia.org/wiki/Tczew
794,Terespol,https://pl.wikipedia.org/wiki/Terespol
795,Tłuszcz ,https://pl.wikipedia.org/wiki/T%C5%82uszcz_(powiat_wo%C5%82omi%C5%84ski)
796,Tolkmicko,https://pl.wikipedia.org/wiki/Tolkmicko
797,Tomaszów Lubelski,https://pl.wikipedia.org/wiki/Tomasz%C3%B3w_Lubelski
798,Tomaszów Mazowiecki,https://pl.wikipedia.org/wiki/Tomasz%C3%B3w_Mazowiecki
799,Toruń,https://pl.wikipedia.org/wiki/Toru%C5%84
800,Torzym,https://pl.wikipedia.org/wiki/Torzym
801,Toszek,https://pl.wikipedia.org/wiki/Toszek
802,Trzcianka,https://pl.wikipedia.org/wiki/Trzcianka
803,Trzciel,https://pl.wikipedia.org/wiki/Trzciel
804,Trzebiatów,https://pl.wikipedia.org/wiki/Trzebiat%C3%B3w
805,Trzebinia,https://pl.wikipedia.org/wiki/Trzebinia
806,Trzebnica,https://pl.wikipedia.org/wiki/Trzebnica
807,Trzemeszno,https://pl.wikipedia.org/wiki/Trzemeszno
808,Tuchola,https://pl.wikipedia.org/wiki/Tuchola
809,Tuchów,https://pl.wikipedia.org/wiki/Tuch%C3%B3w
810,Tuczno,https://pl.wikipedia.org/wiki/Tuczno
811,Tuliszków,https://pl.wikipedia.org/wiki/Tuliszk%C3%B3w
812,Tułowice,https://pl.wikipedia.org/wiki/Tu%C5%82owice
813,Turek,https://pl.wikipedia.org/wiki/Turek
814,Tuszyn,https://pl.wikipedia.org/wiki/Tuszyn
815,Twardogóra,https://pl.wikipedia.org/wiki/Twardog%C3%B3ra
816,Tychowo,https://pl.wikipedia.org/wiki/Tychowo
817,Tychy,https://pl.wikipedia.org/wiki/Tychy
818,Tyczyn,https://pl.wikipedia.org/wiki/Tyczyn
819,Tykocin,https://pl.wikipedia.org/wiki/Tykocin
820,Tyszowce,https://pl.wikipedia.org/wiki/Tyszowce
821,Ujazd,https://pl.wikipedia.org/wiki/Ujazd
822,Ujście ,https://pl.wikipedia.org/wiki/Uj%C5%9Bcie_(miasto)
823,Ulanów,https://pl.wikipedia.org/wiki/Ulan%C3%B3w
824,Uniejów,https://pl.wikipedia.org/wiki/Uniej%C3%B3w
825,Urzędów,https://pl.wikipedia.org/wiki/Urz%C4%99d%C3%B3w
826,Ustka,https://pl.wikipedia.org/wiki/Ustka
827,Ustroń,https://pl.wikipedia.org/wiki/Ustro%C5%84
828,Ustrzyki Dolne,https://pl.wikipedia.org/wiki/Ustrzyki_Dolne
829,Wadowice,https://pl.wikipedia.org/wiki/Wadowice
830,Wałbrzych,https://pl.wikipedia.org/wiki/Wa%C5%82brzych
831,Wałcz,https://pl.wikipedia.org/wiki/Wa%C5%82cz
832,Warka,https://pl.wikipedia.org/wiki/Warka
833,Warszawa,https://pl.wikipedia.org/wiki/Warszawa
834,Warta ,https://pl.wikipedia.org/wiki/Warta_(miasto)
835,Wasilków,https://pl.wikipedia.org/wiki/Wasilk%C3%B3w
836,Wąbrzeźno,https://pl.wikipedia.org/wiki/W%C4%85brze%C5%BAno
837,Wąchock,https://pl.wikipedia.org/wiki/W%C4%85chock
838,Wągrowiec,https://pl.wikipedia.org/wiki/W%C4%85growiec
839,Wąsosz ,https://pl.wikipedia.org/wiki/W%C4%85sosz_(wojew%C3%B3dztwo_dolno%C5%9Bl%C4%85skie)
840,Wejherowo,https://pl.wikipedia.org/wiki/Wejherowo
841,Węgliniec,https://pl.wikipedia.org/wiki/W%C4%99gliniec
842,Węgorzewo,https://pl.wikipedia.org/wiki/W%C4%99gorzewo
843,Węgorzyno,https://pl.wikipedia.org/wiki/W%C4%99gorzyno
844,Węgrów,https://pl.wikipedia.org/wiki/W%C4%99gr%C3%B3w
845,Wiązów,https://pl.wikipedia.org/wiki/Wi%C4%85z%C3%B3w
846,Wielbark,https://pl.wikipedia.org/wiki/Wielbark
847,Wieleń,https://pl.wikipedia.org/wiki/Wiele%C5%84
848,Wielichowo,https://pl.wikipedia.org/wiki/Wielichowo
849,Wieliczka,https://pl.wikipedia.org/wiki/Wieliczka
850,Wieluń,https://pl.wikipedia.org/wiki/Wielu%C5%84
851,Wieruszów,https://pl.wikipedia.org/wiki/Wierusz%C3%B3w
852,Więcbork,https://pl.wikipedia.org/wiki/Wi%C4%99cbork
853,Wilamowice,https://pl.wikipedia.org/wiki/Wilamowice
854,Wiskitki,https://pl.wikipedia.org/wiki/Wiskitki
855,Wisła ,https://pl.wikipedia.org/wiki/Wis%C5%82a_(miasto)
856,Wiślica,https://pl.wikipedia.org/wiki/Wi%C5%9Blica
857,Witkowo,https://pl.wikipedia.org/wiki/Witkowo
858,Witnica,https://pl.wikipedia.org/wiki/Witnica
859,Wleń,https://pl.wikipedia.org/wiki/Wle%C5%84
860,Władysławowo,https://pl.wikipedia.org/wiki/W%C5%82adys%C5%82awowo
861,Włocławek,https://pl.wikipedia.org/wiki/W%C5%82oc%C5%82awek
862,Włodawa,https://pl.wikipedia.org/wiki/W%C5%82odawa
863,Włoszczowa,https://pl.wikipedia.org/wiki/W%C5%82oszczowa
864,Wodzisław,https://pl.wikipedia.org/wiki/Wodzis%C5%82aw
865,Wodzisław Śląski,https://pl.wikipedia.org/wiki/Wodzis%C5%82aw_%C5%9Al%C4%85ski
866,Wojcieszów,https://pl.wikipedia.org/wiki/Wojciesz%C3%B3w
867,Wojkowice,https://pl.wikipedia.org/wiki/Wojkowice
868,Wojnicz,https://pl.wikipedia.org/wiki/Wojnicz
869,Wolbórz,https://pl.wikipedia.org/wiki/Wolb%C3%B3rz
